/*
	Furniture.sql
	Eric J. Schwabe
	July 3rd, 2018

	Script to set up CUSTOMER, ORDERTABLE, ORDERLINE, PRODUCT tables
	for CSC 451 Assignment 5

	Sample data modified from Modern Database Management (7th edition),
		Hoffer, Prescott, McFadden
	
	For use in Assignment 5 only -- do not copy...
*/

-- drop tables

DROP TABLE ORDERLINE CASCADE CONSTRAINTS;

DROP TABLE ORDERTABLE CASCADE CONSTRAINTS;

DROP TABLE PRODUCT CASCADE CONSTRAINTS;

DROP TABLE CUSTOMER CASCADE CONSTRAINTS;

-- create and link tables

CREATE TABLE CUSTOMER
(
	CustomerID	INTEGER,
	Name		VARCHAR2(30),
	Address		VARCHAR2(20),
	City		VARCHAR2(20),
	State		CHAR(2),
	Zip		CHAR(5),

	CONSTRAINT PK_CUSTOMER
		PRIMARY KEY (CustomerID)
);

CREATE TABLE PRODUCT
(
	ProductID	INTEGER,
	Description	VARCHAR2(30),
	Material	VARCHAR2(20),
	Price		NUMBER(5,2),

	CONSTRAINT PK_PRODUCT
		PRIMARY KEY (ProductID)
);

CREATE TABLE ORDERTABLE
(	OrderID		INTEGER,
	OrderDate	DATE,
	CustomerID	INTEGER,

	CONSTRAINT PK_ORDER
		PRIMARY KEY (OrderID),

	CONSTRAINT FK_ORDER_CUSTOMER
		FOREIGN KEY (CustomerID)
		REFERENCES CUSTOMER(CustomerID)
);

CREATE TABLE ORDERLINE
(
	OrderID		INTEGER,
	ProductID	INTEGER,
	Quantity	INTEGER,

	CONSTRAINT PK_ORDERLINE
		PRIMARY KEY (OrderID, ProductID),

	CONSTRAINT FK_ORDERLINE_ORDER
		FOREIGN KEY (OrderID)
		REFERENCES ORDERTABLE(OrderID),

	CONSTRAINT FK_ORDERLINE_PRODUCT
		FOREIGN KEY (ProductID)
		REFERENCES PRODUCT(ProductID)
);

-- populate tables

INSERT INTO CUSTOMER VALUES
	(1, 'Contemporary Casuals', '1355 S Hinds Blvd', 'Miami', 'FL', '33101');
INSERT INTO CUSTOMER VALUES
	(2, 'Furniture Ranch', '15415 SW 17th St', 'Ponca City', 'OK', '74604');
INSERT INTO CUSTOMER VALUES
	(3, 'Home Furnishings', '1900 Allard Ave', 'Albany', 'NY', '12209');
INSERT INTO CUSTOMER VALUES
	(4, 'Eastern Furniture', '1925 Beltline Rd', 'Carteret', 'NJ', '07008');
INSERT INTO CUSTOMER VALUES
	(5, 'Impressions', '5585 Westcott Dr', 'Sacramento', 'CA', '94206');
INSERT INTO CUSTOMER VALUES
	(6, 'Furnishings Outline', '325 Flatiron Dr', 'Boulder', 'CO', '80514');
INSERT INTO CUSTOMER VALUES
	(7, 'Vintage Furniture Warehouse', '394 Northern Dr', 'Appleton', 'WI', '54911');
INSERT INTO CUSTOMER VALUES
	(8, 'Connecticut Classics', '816 Peach Rd', 'Hartford', 'CT', '06105');
INSERT INTO CUSTOMER VALUES
	(9, 'M and H Furnishings Depot', '3709 First St', 'Tampa', 'FL', '33610');
INSERT INTO CUSTOMER VALUES
	(10, 'Mountain Interiors', '240 Rocky Point Dr', 'Mariposa', 'CA', '95338');
INSERT INTO CUSTOMER VALUES
	(11, 'American Euro Lifestyles', '2424 Missouri Ave N', 'Prospect Park', 'NJ', '07508');
INSERT INTO CUSTOMER VALUES
	(12, 'Furniture-a-palooza', '345 Main St', 'Smithtown', 'NY', '11787');
INSERT INTO CUSTOMER VALUES
	(13, 'Finer Home Furnishings', '66789 Motor Parkway', 'Hauppauge', 'NY', '11788');
INSERT INTO CUSTOMER VALUES
	(14,'Kaneohe Home Store', '112 Kiowai St', 'Kaneohe', 'HI', '96744');
INSERT INTO CUSTOMER VALUES
	(15,'Coastal Comfort', '99 Main St', 'Irvine', 'CA', '92612');
INSERT INTO CUSTOMER VALUES
	(16, 'Unpainted Arizona', '72 Nathan St', 'Phoenix', 'AZ', '85016');

INSERT INTO PRODUCT VALUES
	(10, 'Dining Table', 'Maple', 475.00);
INSERT INTO PRODUCT VALUES	
	(20, 'Dining Table', 'Maple', 500.00);
INSERT INTO PRODUCT VALUES
	(30, 'Computer Desk', 'Pine', 375.00);
INSERT INTO PRODUCT VALUES
	(40, 'Entertainment Center', 'Cherry', 650.00);
INSERT INTO PRODUCT VALUES
	(50, 'Writers Desk', 'Pine', 400.00);
INSERT INTO PRODUCT VALUES
	(60, 'Dining Table', 'Oak', 750.00);
INSERT INTO PRODUCT VALUES
	(70, 'Dining Table', 'Oak', 700.00);
INSERT INTO PRODUCT VALUES
	(80, 'Computer Desk', 'Cherry', 250.00);

INSERT INTO ORDERTABLE VALUES
	(101, DATE '2015-12-30', 1);
INSERT INTO ORDERTABLE VALUES
	(102, DATE '2015-12-30', 3);
INSERT INTO ORDERTABLE VALUES
	(103, DATE '2016-01-21', 12);
INSERT INTO ORDERTABLE VALUES
	(104, DATE '2016-01-24', 5);
INSERT INTO ORDERTABLE VALUES
	(105, DATE '2016-01-24', 3);
INSERT INTO ORDERTABLE VALUES
	(106, DATE '2016-01-24', 2);
INSERT INTO ORDERTABLE VALUES
	(107, DATE '2016-02-02', 16);
INSERT INTO ORDERTABLE VALUES
	(108, DATE '2016-02-07', 10);
INSERT INTO ORDERTABLE VALUES
	(109, DATE '2016-02-07', 10);
INSERT INTO ORDERTABLE VALUES
	(110, DATE '2016-03-01', 7);
INSERT INTO ORDERTABLE VALUES
	(111, DATE '2016-03-01', 1);

INSERT INTO ORDERLINE VALUES
	(101, 10, 2);
INSERT INTO ORDERLINE VALUES
	(101, 20, 1);
INSERT INTO ORDERLINE VALUES
	(101, 40, 1);
INSERT INTO ORDERLINE VALUES
	(102, 30, 6);
INSERT INTO ORDERLINE VALUES
	(103, 30, 4);
INSERT INTO ORDERLINE VALUES
	(104, 80, 2);
INSERT INTO ORDERLINE VALUES
	(104, 70, 5);
INSERT INTO ORDERLINE VALUES
	(105, 40, 2);
INSERT INTO ORDERLINE VALUES
	(106, 40, 2);
INSERT INTO ORDERLINE VALUES
	(106, 30, 2);
INSERT INTO ORDERLINE VALUES
	(106, 70, 4);
INSERT INTO ORDERLINE VALUES
	(107, 10, 4);
INSERT INTO ORDERLINE VALUES
	(107, 20, 6);
INSERT INTO ORDERLINE VALUES
	(108, 30, 2);
INSERT INTO ORDERLINE VALUES
	(108, 80, 1);
INSERT INTO ORDERLINE VALUES
	(109, 40, 5);
INSERT INTO ORDERLINE VALUES
	(109, 70, 4);
INSERT INTO ORDERLINE VALUES
	(110, 80, 5);
INSERT INTO ORDERLINE VALUES
	(111, 60, 1);

COMMIT;

-- display tables

SELECT * FROM CUSTOMER;

SELECT * FROM PRODUCT;

SELECT * FROM ORDERTABLE;

SELECT * FROM ORDERLINE;
